classname,CBO,IC,OC,CAM,NCO,DIT,RFC,LOC,NCA
cargotracker.domain.model.cargo.Cargo,0.666667,0.730769,0.434211,0.039585,0.291667,0.000000,1.000000,0.181818,0.400000
cargotracker.domain.model.cargo.Delivery,1.000000,0.438462,1.000000,0.000000,1.000000,0.000000,0.551724,1.000000,1.000000
cargotracker.domain.model.cargo.Itinerary,0.666667,0.323077,0.552632,0.048947,0.166667,0.000000,1.000000,0.295455,0.000000
cargotracker.domain.model.cargo.Leg,0.333333,0.261538,0.013158,0.484067,0.125000,0.000000,0.275862,0.259091,0.400000
cargotracker.domain.model.cargo.RouteSpecification,0.333333,0.338462,0.131579,0.817665,0.041667,1.000000,0.275862,0.086364,0.100000
cargotracker.domain.model.handling.HandlingEvent,0.500000,0.953846,0.184211,0.466664,0.250000,0.000000,0.586207,0.668182,0.600000
cargotracker.domain.model.location.Location,0.000000,1.000000,0.013158,1.000000,0.000000,0.000000,0.000000,0.000000,0.200000
cargotracker.domain.model.voyage.CarrierMovement,0.166667,0.000000,0.000000,0.931617,0.041667,0.000000,0.241379,0.145455,0.400000
cargotracker.domain.model.voyage.Voyage,0.333333,0.507692,0.223684,0.717945,0.000000,0.000000,0.000000,0.127273,0.200000
